item_id,task_type,dataset_name,dataset_split,source_index,source_id,prompt_text,reference_answer,random_seed
factual_qa_10908,factual_qa,rajpurkar/squad_v2,validation,10908,57338255d058e614000b5c10,"Context: The mayor of Warsaw is called President. Generally, in Poland, the mayors of bigger cities are called presidents – i.e. such cities, which have over 100,000 people or these, where already was president before 1990. The first Warsaw President was Jan Andrzej Menich (1695–1696). Between 1975 and 1990 the Warsaw Presidents was simultaneously the Warsaw Voivode. Since 1990 the President of Warsaw had been elected by the City council. In the years of 1994–1999 the mayor of the district Centrum automatically was designated as the President of Warsaw: the mayor of Centrum was elected by the district council of Centrum and the council was elected only by the Centrum residents. Since 2002 the President of Warsaw is elected by all of the citizens of Warsaw.

Question: Who has elected the President of Warsaw since 1990?",the City council,20260623
factual_qa_6460,factual_qa,rajpurkar/squad_v2,validation,6460,5727db85ff5b5019007d96ff,"Context: Harvard's athletic rivalry with Yale is intense in every sport in which they meet, coming to a climax each fall in the annual football meeting, which dates back to 1875 and is usually called simply ""The Game"". While Harvard's football team is no longer one of the country's best as it often was a century ago during football's early days (it won the Rose Bowl in 1920), both it and Yale have influenced the way the game is played. In 1903, Harvard Stadium introduced a new era into football with the first-ever permanent reinforced concrete stadium of its kind in the country. The stadium's structure actually played a role in the evolution of the college game. Seeking to reduce the alarming number of deaths and serious injuries in the sport, Walter Camp (former captain of the Yale football team), suggested widening the field to open up the game. But the stadium was too narrow to accommodate a wider playing surface. So, other steps had to be taken. Camp would instead support revolutionary new rules for the 1906 season. These included legalizing the forward pass, perhaps the most significant rule change in the sport's history.

Question: What school was Walter Camp a captain for the football team?",former captain of the Yale football team,20260623
factual_qa_6353,factual_qa,rajpurkar/squad_v2,validation,6353,5727cd0f4b864d1900163d73,"Context: Harvard has purchased tracts of land in Allston, a walk across the Charles River from Cambridge, with the intent of major expansion southward. The university now owns approximately fifty percent more land in Allston than in Cambridge. Proposals to connect the Cambridge campus with the new Allston campus include new and enlarged bridges, a shuttle service and/or a tram. Plans also call for sinking part of Storrow Drive (at Harvard's expense) for replacement with park land and pedestrian access to the Charles River, as well as the construction of bike paths, and buildings throughout the Allston campus. The institution asserts that such expansion will benefit not only the school, but surrounding community, pointing to such features as the enhanced transit infrastructure, possible shuttles open to the public, and park space which will also be publicly accessible.

Question: What are some proposals to connect campuses?","new and enlarged bridges, a shuttle service and/or a tram.",20260623
factual_qa_800,factual_qa,rajpurkar/squad_v2,validation,800,570602fa52bb89140068979f,"Context: Southern California is divided culturally, politically, and economically into distinctive regions, each containing its own culture and atmosphere, anchored usually by a city with both national and sometimes global recognition, which are often the hub of economic activity for its respective region and being home to many tourist destinations. Each region is further divided into many culturally distinct areas but as a whole combine to create the southern California atmosphere.

Question: Outside of national recognition, what other kind of recognition do some of the cities get?",global,20260623
factual_qa_8164,factual_qa,rajpurkar/squad_v2,validation,8164,5729f12e3f37b319004785e3,"Context: The adaptive immune system evolved in early vertebrates and allows for a stronger immune response as well as immunological memory, where each pathogen is ""remembered"" by a signature antigen. The adaptive immune response is antigen-specific and requires the recognition of specific ""non-self"" antigens during a process called antigen presentation. Antigen specificity allows for the generation of responses that are tailored to specific pathogens or pathogen-infected cells. The ability to mount these tailored responses is maintained in the body by ""memory cells"". Should a pathogen infect the body more than once, these specific memory cells are used to quickly eliminate it.

Question: Antigen specificity allows responses that are specific to certain types of what?",pathogens or pathogen-infected cells,20260623
factual_qa_2289,factual_qa,rajpurkar/squad_v2,validation,2289,571a49de4faf5e1900b8a94a,"Context: Many major classes of organic molecules in living organisms, such as proteins, nucleic acids, carbohydrates, and fats, contain oxygen, as do the major inorganic compounds that are constituents of animal shells, teeth, and bone. Most of the mass of living organisms is oxygen as it is a part of water, the major constituent of lifeforms. Oxygen is used in cellular respiration and released by photosynthesis, which uses the energy of sunlight to produce oxygen from water. It is too chemically reactive to remain a free element in air without being continuously replenished by the photosynthetic action of living organisms. Another form (allotrope) of oxygen, ozone (O 3), strongly absorbs UVB radiation and consequently the high-altitude ozone layer helps protect the biosphere from ultraviolet radiation, but is a pollutant near the surface where it is a by-product of smog. At even higher low earth orbit altitudes, sufficient atomic oxygen is present to cause erosion for spacecraft.

Question: Oxygen is released in cellular respiration by?",photosynthesis,20260623
factual_qa_8650,factual_qa,rajpurkar/squad_v2,validation,8650,572949306aef051400154c6b,"Context: Another example of scientific research which suggests that previous estimates by the IPCC, far from overstating dangers and risks, have actually understated them is a study on projected rises in sea levels. When the researchers' analysis was ""applied to the possible scenarios outlined by the Intergovernmental Panel on Climate Change (IPCC), the researchers found that in 2100 sea levels would be 0.5–1.4 m [50–140 cm] above 1990 levels. These values are much greater than the 9–88 cm as projected by the IPCC itself in its Third Assessment Report, published in 2001"". This may have been due, in part, to the expanding human understanding of climate.

Question: When was the Third Assessment Report published?",2001,20260623
factual_qa_3373,factual_qa,rajpurkar/squad_v2,validation,3373,5728349dff5b5019007d9f00,"Context: The Amazon rainforest (Portuguese: Floresta Amazônica or Amazônia; Spanish: Selva Amazónica, Amazonía or usually Amazonia; French: Forêt amazonienne; Dutch: Amazoneregenwoud), also known in English as Amazonia or the Amazon Jungle, is a moist broadleaf forest that covers most of the Amazon basin of South America. This basin encompasses 7,000,000 square kilometres (2,700,000 sq mi), of which 5,500,000 square kilometres (2,100,000 sq mi) are covered by the rainforest. This region includes territory belonging to nine nations. The majority of the forest is contained within Brazil, with 60% of the rainforest, followed by Peru with 13%, Colombia with 10%, and with minor amounts in Venezuela, Ecuador, Bolivia, Guyana, Suriname and French Guiana. States or departments in four nations contain ""Amazonas"" in their names. The Amazon represents over half of the planet's remaining rainforests, and comprises the largest and most biodiverse tract of tropical rainforest in the world, with an estimated 390 billion individual trees divided into 16,000 species.

Question: In what country can most of the Amazon rainforest be found?",Brazil,20260623
factual_qa_7525,factual_qa,rajpurkar/squad_v2,validation,7525,572870b2ff5b5019007da222,"Context: In economics, notable Nobel Memorial Prize in Economic Sciences winners Milton Friedman, a major advisor to Republican U.S. President Ronald Reagan and Conservative British Prime Minister Margaret Thatcher, George Stigler, Nobel laureate and proponent of regulatory capture theory, Gary Becker, an important contributor to the family economics branch of economics, Herbert A. Simon, responsible for the modern interpretation of the concept of organizational decision-making, Paul Samuelson, the first American to win the Nobel Memorial Prize in Economic Sciences, and Eugene Fama, known for his work on portfolio theory, asset pricing and stock market behaviour, are all graduates. American economist, social theorist, political philosopher, and author Thomas Sowell is also an alumnus.

Question: What Nobel Memorial Prize in Economic Sciences winner is also a university alumni member?",Milton Friedman,20260623
factual_qa_4029,factual_qa,rajpurkar/squad_v2,validation,4029,5725d662ec44d21400f3d68b,"Context: Fresno has three large public parks, two in the city limits and one in county land to the southwest. Woodward Park, which features the Shinzen Japanese Gardens, numerous picnic areas and several miles of trails, is in North Fresno and is adjacent to the San Joaquin River Parkway. Roeding Park, near Downtown Fresno, is home to the Fresno Chaffee Zoo, and Rotary Storyland and Playland. Kearney Park is the largest of the Fresno region's park system and is home to historic Kearney Mansion and plays host to the annual Civil War Revisited, the largest reenactment of the Civil War in the west coast of the U.S.

Question: Which park hosts the largest Civil War reenactment on the west coast?",Kearney Park,20260623
factual_qa_10550,factual_qa,rajpurkar/squad_v2,validation,10550,5730b541396df919000962c3,"Context: The First British Empire was based on mercantilism, and involved colonies and holdings primarily in North America, the Caribbean, and India. Its growth was reversed by the loss of the American colonies in 1776. Britain made compensating gains in India, Australia, and in constructing an informal economic empire through control of trade and finance in Latin America after the independence of Spanish and Portuguese colonies about 1820. By the 1840s, Britain had adopted a highly successful policy of free trade that gave it dominance in the trade of much of the world. After losing its first Empire to the Americans, Britain then turned its attention towards Asia, Africa, and the Pacific. Following the defeat of Napoleonic France in 1815, Britain enjoyed a century of almost unchallenged dominance and expanded its imperial holdings around the globe. Increasing degrees of internal autonomy were granted to its white settler colonies in the 20th century.

Question: When did Great Britain lose its colonies in North America?",1776,20260623
factual_qa_3740,factual_qa,rajpurkar/squad_v2,validation,3740,572647d0708984140094c14e,"Context: Like sponges and cnidarians, ctenophores have two main layers of cells that sandwich a middle layer of jelly-like material, which is called the mesoglea in cnidarians and ctenophores; more complex animals have three main cell layers and no intermediate jelly-like layer. Hence ctenophores and cnidarians have traditionally been labelled diploblastic, along with sponges. Both ctenophores and cnidarians have a type of muscle that, in more complex animals, arises from the middle cell layer, and as a result some recent text books classify ctenophores as triploblastic, while others still regard them as diploblastic.

Question: Ctenophores, cnidarians and what other group are labelled diploblastic?",sponges,20260623
factual_qa_3976,factual_qa,rajpurkar/squad_v2,validation,3976,5725ce4d38643c19005acd4e,"Context: Fresno (/ˈfrɛznoʊ/ FREZ-noh), the county seat of Fresno County, is a city in the U.S. state of California. As of 2015, the city's population was 520,159, making it the fifth-largest city in California, the largest inland city in California and the 34th-largest in the nation. Fresno is in the center of the San Joaquin Valley and is the largest city in the Central Valley, which contains the San Joaquin Valley. It is approximately 220 miles (350 km) northwest of Los Angeles, 170 miles (270 km) south of the state capital, Sacramento, or 185 miles (300 km) south of San Francisco. The name Fresno means ""ash tree"" in Spanish, and an ash leaf is featured on the city's flag.

Question: How far is Fresno from Los Angeles?",220 miles (350 km),20260623
factual_qa_684,factual_qa,rajpurkar/squad_v2,validation,684,5705ec1675f01819005e776e,"Context: Southern California is also home to a large home grown surf and skateboard culture. Companies such as Volcom, Quiksilver, No Fear, RVCA, and Body Glove are all headquartered here. Professional skateboarder Tony Hawk, professional surfers Rob Machado, Tim Curran, Bobby Martinez, Pat O'Connell, Dane Reynolds, and Chris Ward, and professional snowboarder Shaun White live in southern California. Some of the world's legendary surf spots are in southern California as well, including Trestles, Rincon, The Wedge, Huntington Beach, and Malibu, and it is second only to the island of Oahu in terms of famous surf breaks. Some of the world's biggest extreme sports events, including the X Games, Boost Mobile Pro, and the U.S. Open of Surfing are all in southern California. Southern California is also important to the world of yachting. The annual Transpacific Yacht Race, or Transpac, from Los Angeles to Hawaii, is one of yachting's premier events. The San Diego Yacht Club held the America's Cup, the most prestigious prize in yachting, from 1988 to 1995 and hosted three America's Cup races during that time.

Question: Other than surf, what other culture is southern California home to?",skateboard,20260623
factual_qa_8302,factual_qa,rajpurkar/squad_v2,validation,8302,5729ffda1d046914007796b2,"Context: Long-term active memory is acquired following infection by activation of B and T cells. Active immunity can also be generated artificially, through vaccination. The principle behind vaccination (also called immunization) is to introduce an antigen from a pathogen in order to stimulate the immune system and develop specific immunity against that particular pathogen without causing disease associated with that organism. This deliberate induction of an immune response is successful because it exploits the natural specificity of the immune system, as well as its inducibility. With infectious disease remaining one of the leading causes of death in the human population, vaccination represents the most effective manipulation of the immune system mankind has developed.

Question: Vaccination exploits what feature of the human immune system in order to be successful?",natural specificity of the immune system,20260623
factual_qa_5359,factual_qa,rajpurkar/squad_v2,validation,5359,5726ef73f1498d1400e8f062,"Context: Of particular concern with Internet pharmacies is the ease with which people, youth in particular, can obtain controlled substances (e.g., Vicodin, generically known as hydrocodone) via the Internet without a prescription issued by a doctor/practitioner who has an established doctor-patient relationship. There are many instances where a practitioner issues a prescription, brokered by an Internet server, for a controlled substance to a ""patient"" s/he has never met.[citation needed] In the United States, in order for a prescription for a controlled substance to be valid, it must be issued for a legitimate medical purpose by a licensed practitioner acting in the course of legitimate doctor-patient relationship. The filling pharmacy has a corresponding responsibility to ensure that the prescription is valid. Often, individual state laws outline what defines a valid patient-doctor relationship.

Question: What is an example of a controlled substance?","Vicodin, generically known as hydrocodone",20260623
factual_qa_1292,factual_qa,rajpurkar/squad_v2,validation,1292,570d391fb3d812140066d578,"Context: The Victorian Alps in the northeast are the coldest part of Victoria. The Alps are part of the Great Dividing Range mountain system extending east-west through the centre of Victoria. Average temperatures are less than 9 °C (48 °F) in winter and below 0 °C (32 °F) in the highest parts of the ranges. The state's lowest minimum temperature of −11.7 °C (10.9 °F) was recorded at Omeo on 13 June 1965, and again at Falls Creek on 3 July 1970. Temperature extremes for the state are listed in the table below:

Question: What is the temperature in the highest portion of the mountain range in winter?",below 0 °C,20260623
factual_qa_8326,factual_qa,rajpurkar/squad_v2,validation,8326,572a03086aef0514001551a2,"Context: Anti-inflammatory drugs are often used to control the effects of inflammation. Glucocorticoids are the most powerful of these drugs; however, these drugs can have many undesirable side effects, such as central obesity, hyperglycemia, osteoporosis, and their use must be tightly controlled. Lower doses of anti-inflammatory drugs are often used in conjunction with cytotoxic or immunosuppressive drugs such as methotrexate or azathioprine. Cytotoxic drugs inhibit the immune response by killing dividing cells such as activated T cells. However, the killing is indiscriminate and other constantly dividing cells and their organs are affected, which causes toxic side effects. Immunosuppressive drugs such as cyclosporin prevent T cells from responding to signals correctly by inhibiting signal transduction pathways.

Question: What are the most powerful class of anti-inflammatory drugs?",Glucocorticoids,20260623
factual_qa_7854,factual_qa,rajpurkar/squad_v2,validation,7854,57287e512ca10214002da3fc,"Context: Since its invention in 1269, the 'Phags-pa script, a unified script for spelling Mongolian, Tibetan, and Chinese languages, was preserved in the court until the end of the dynasty. Most of the Emperors could not master written Chinese, but they could generally converse well in the language. The Mongol custom of long standing quda/marriage alliance with Mongol clans, the Onggirat, and the Ikeres, kept the imperial blood purely Mongol until the reign of Tugh Temur, whose mother was a Tangut concubine. The Mongol Emperors had built large palaces and pavilions, but some still continued to live as nomads at times. Nevertheless, a few other Yuan emperors actively sponsored cultural activities; an example is Tugh Temur (Emperor Wenzong), who wrote poetry, painted, read Chinese classical texts, and ordered the compilation of books.

Question: What was Tugh's Chinese-style name?",Emperor Wenzong,20260623
factual_qa_10038,factual_qa,rajpurkar/squad_v2,validation,10038,57300e2604bcaa1900d770b8,"Context: The Islamic Republic has also maintained its hold on power in Iran in spite of US economic sanctions, and has created or assisted like-minded Shia terrorist groups in Iraq, Egypt, Syria, Jordan (SCIRI) and Lebanon (Hezbollah) (two Muslim countries that also have large Shiite populations). During the 2006 Israel-Lebanon conflict, the Iranian government enjoyed something of a resurgence in popularity amongst the predominantly Sunni ""Arab street,"" due to its support for Hezbollah and to President Mahmoud Ahmadinejad's vehement opposition to the United States and his call that Israel shall vanish.

Question: What type of sanctions has the US directed at Iran?",economic,20260623
factual_qa_8077,factual_qa,rajpurkar/squad_v2,validation,8077,5728fb002ca10214002dab6b,"Context: Several barriers protect organisms from infection, including mechanical, chemical, and biological barriers. The waxy cuticle of many leaves, the exoskeleton of insects, the shells and membranes of externally deposited eggs, and skin are examples of mechanical barriers that are the first line of defense against infection. However, as organisms cannot be completely sealed from their environments, other systems act to protect body openings such as the lungs, intestines, and the genitourinary tract. In the lungs, coughing and sneezing mechanically eject pathogens and other irritants from the respiratory tract. The flushing action of tears and urine also mechanically expels pathogens, while mucus secreted by the respiratory and gastrointestinal tract serves to trap and entangle microorganisms.

Question: What is an example of a mechanical barrier on leaves?",The waxy cuticle,20260623
factual_qa_3339,factual_qa,rajpurkar/squad_v2,validation,3339,5726c19add62a815002e8f8a,"Context: In 2006, a toxic waste spill off the coast of Côte d'Ivoire, from a European ship, prompted the Commission to look into legislation against toxic waste. Environment Commissioner Stavros Dimas stated that ""Such highly toxic waste should never have left the European Union"". With countries such as Spain not even having a crime against shipping toxic waste, Franco Frattini, the Justice, Freedom and Security Commissioner, proposed with Dimas to create criminal sentences for ""ecological crimes"". The competence for the Union to do this was contested in 2005 at the Court of Justice resulting in a victory for the Commission. That ruling set a precedent that the Commission, on a supranational basis, may legislate in criminal law – something never done before. So far, the only other proposal has been the draft intellectual property rights directive. Motions were tabled in the European Parliament against that legislation on the basis that criminal law should not be an EU competence, but was rejected at vote. However, in October 2007, the Court of Justice ruled that the Commission could not propose what the criminal sanctions could be, only that there must be some.

Question: In which year did a toxic waste spill from a European ship prompt the Commission to look into legislation against waste?",2006,20260623
factual_qa_7187,factual_qa,rajpurkar/squad_v2,validation,7187,572a20816aef0514001552e5,"Context: Robert Nozick argued that government redistributes wealth by force (usually in the form of taxation), and that the ideal moral society would be one where all individuals are free from force. However, Nozick recognized that some modern economic inequalities were the result of forceful taking of property, and a certain amount of redistribution would be justified to compensate for this force but not because of the inequalities themselves. John Rawls argued in A Theory of Justice that inequalities in the distribution of wealth are only justified when they improve society as a whole, including the poorest members. Rawls does not discuss the full implications of his theory of justice. Some see Rawls's argument as a justification for capitalism since even the poorest members of society theoretically benefit from increased innovations under capitalism; others believe only a strong welfare state can satisfy Rawls's theory of justice.

Question: What is the usual form of the government's wealth redistribution?",taxation,20260623
factual_qa_3095,factual_qa,rajpurkar/squad_v2,validation,3095,5726965ef1498d1400e8e484,"Context: The judicial branch of the EU has played an important role in the development of EU law, by assuming the task of interpreting the treaties, and accelerating economic and political integration. Today the Court of Justice of the European Union (CJEU) is the main judicial body, within which there is a higher European Court of Justice (commonly abbreviated as ECJ) that deals with cases that contain more public importance, and a General Court that deals with issues of detail but without general importance. There is also a Civil Service Tribunal to deal with EU staff issues, and then a separate Court of Auditors. Under the Treaty on European Union article 19(2) there is one judge from each member state, 28 at present, who are supposed to ""possess the qualifications required for appointment to the highest judicial offices"" (or for the General Court, the ""ability required for appointment to high judicial office""). A president is elected by the judges for three years. Under TEU article 19(3) is to be the ultimate court to interpret questions of EU law. In fact, most EU law is applied by member state courts (the English Court of Appeal, the German Bundesgerichtshof, the Belgian Cour du travail, etc.) but they can refer questions to the EU court for a preliminary ruling. The CJEU's duty is to ""ensure that in the interpretation and application of the Treaties the law is observed"", although realistically it has the ability to expand and develop the law according to the principles it deems to be appropriate. Arguably this has been done through both seminal and controversial judgments, including Van Gend en Loos, Mangold v Helm, and Kadi v Commission.

Question: How is the judicial branch of the EU an important factor in the development of EU law?","by assuming the task of interpreting the treaties, and accelerating economic and political integration",20260623
factual_qa_7699,factual_qa,rajpurkar/squad_v2,validation,7699,57286dfa2ca10214002da332,"Context: Kublai's government faced financial difficulties after 1279. Wars and construction projects had drained the Mongol treasury. Efforts to raise and collect tax revenues were plagued by corruption and political scandals. Mishandled military expeditions followed the financial problems. Kublai's second invasion of Japan in 1281 failed because of an inauspicious typhoon. Kublai botched his campaigns against Annam, Champa, and Java, but won a Pyrrhic victory against Burma. The expeditions were hampered by disease, an inhospitable climate, and a tropical terrain unsuitable for the mounted warfare of the Mongols. The Tran dynasty which ruled Annam (Dai Viet) crushed and defeated the Mongols at the Battle of Bạch Đằng (1288). The Chinese region of Fujian was the original home of the Chinese Tran (Chen) clan before they migrated under Trần Kinh (陳京, Chén Jīng) to Dai Viet and whose descendants established the Trần dynasty which ruled Vietnam Đại Việt, and certain members of the clan could still speak Chinese such as when a Yuan dynasty envoy had a meeting with the Chinese-speaking Trần prince Trần Quốc Tuấn (later King Trần Hưng Đạo) in 1282. Professor Liam Kelley noted that people from Song dynasty China like Zhao Zhong and Xu Zongdao fled to Tran dynasty ruled Vietnam after the Mongol invasion of the Song and they helped the Tran fight against the Mongol invasion. The Tran dynasty originated from the Fujian region of China as did the Daoist cleric Xu Zongdao who recorded the Mongol invasion and referred to them as ""Northern bandits"". Annam, Burma, and Champa recognized Mongol hegemony and established tributary relations with the Yuan dynasty.

Question: When was Kublai's administration running out of money?",after 1279,20260623
factual_qa_8989,factual_qa,rajpurkar/squad_v2,validation,8989,5729a26d6aef05140015505d,"Context: In particular, this norm gets smaller when a number is multiplied by p, in sharp contrast to the usual absolute value (also referred to as the infinite prime). While completing Q (roughly, filling the gaps) with respect to the absolute value yields the field of real numbers, completing with respect to the p-adic norm |−|p yields the field of p-adic numbers. These are essentially all possible ways to complete Q, by Ostrowski's theorem. Certain arithmetic questions related to Q or more general global fields may be transferred back and forth to the completed (or local) fields. This local-global principle again underlines the importance of primes to number theory.

Question: What principle highlights the significance of primes in number theory",local-global principle,20260623
factual_qa_1302,factual_qa,rajpurkar/squad_v2,validation,1302,570d4030fed7b91900d45da2,"Context: Rail transport in Victoria is provided by several private and public railway operators who operate over government-owned lines. Major operators include: Metro Trains Melbourne which runs an extensive, electrified, passenger system throughout Melbourne and suburbs; V/Line which is now owned by the Victorian Government, operates a concentrated service to major regional centres, as well as long distance services on other lines; Pacific National, CFCL Australia which operate freight services; Great Southern Rail which operates The Overland Melbourne—Adelaide; and NSW TrainLink which operates XPTs Melbourne—Sydney.

Question: What type of rail line is Pacific National?",freight services,20260623
factual_qa_11559,factual_qa,rajpurkar/squad_v2,validation,11559,573750f51c45671900574467,"Context: Newton's Second Law asserts the direct proportionality of acceleration to force and the inverse proportionality of acceleration to mass. Accelerations can be defined through kinematic measurements. However, while kinematics are well-described through reference frame analysis in advanced physics, there are still deep questions that remain as to what is the proper definition of mass. General relativity offers an equivalence between space-time and mass, but lacking a coherent theory of quantum gravity, it is unclear as to how or whether this connection is relevant on microscales. With some justification, Newton's second law can be taken as a quantitative definition of mass by writing the law as an equality; the relative units of force and mass then are fixed.

Question: What describes the proportionality of acceleration to force and mass?",Newton's Second Law,20260623
factual_qa_5525,factual_qa,rajpurkar/squad_v2,validation,5525,57280f974b864d1900164373,"Context: Civil disobedience is usually defined as pertaining to a citizen's relation to the state and its laws, as distinguished from a constitutional impasse in which two public agencies, especially two equally sovereign branches of government, conflict. For instance, if the head of government of a country were to refuse to enforce a decision of that country's highest court, it would not be civil disobedience, since the head of government would be acting in her or his capacity as public official rather than private citizen.

Question: When would a person be considered to be excising a constitutional impasse?",the head of government would be acting in her or his capacity as public official,20260623
factual_qa_10197,factual_qa,rajpurkar/squad_v2,validation,10197,57302cd004bcaa1900d772d9,"Context: Originating as the Jama'at al-Tawhid wal-Jihad in 1999, it pledged allegiance to al-Qaeda in 2004, participated in the Iraqi insurgency that followed the March 2003 invasion of Iraq by Western forces, joined the fight in the Syrian Civil War beginning in March 2011, and was expelled from al-Qaeda in early 2014, (which complained of its failure to consult and ""notorious intransigence""). The group gained prominence after it drove Iraqi government forces out of key cities in western Iraq in a 2014 offensive. The group is adept at social media, posting Internet videos of beheadings of soldiers, civilians, journalists and aid workers, and is known for its destruction of cultural heritage sites. The United Nations has held ISIL responsible for human rights abuses and war crimes, and Amnesty International has reported ethnic cleansing by the group on a ""historic scale"". The group has been designated a terrorist organisation by the United Nations, the European Union and member states, the United States, India, Indonesia, Turkey, Saudi Arabia, Syria and other countries.

Question: When did the Syrian Civil War begin?",March 2011,20260623
factual_qa_8049,factual_qa,rajpurkar/squad_v2,validation,8049,5728f6446aef0514001548e5,"Context: The immune system protects organisms from infection with layered defenses of increasing specificity. In simple terms, physical barriers prevent pathogens such as bacteria and viruses from entering the organism. If a pathogen breaches these barriers, the innate immune system provides an immediate, but non-specific response. Innate immune systems are found in all plants and animals. If pathogens successfully evade the innate response, vertebrates possess a second layer of protection, the adaptive immune system, which is activated by the innate response. Here, the immune system adapts its response during an infection to improve its recognition of the pathogen. This improved response is then retained after the pathogen has been eliminated, in the form of an immunological memory, and allows the adaptive immune system to mount faster and stronger attacks each time this pathogen is encountered.

Question: What immune system is activated by the innate response?",adaptive immune system,20260623
factual_qa_7048,factual_qa,rajpurkar/squad_v2,validation,7048,572a0d21af94a219006aa783,"Context: Central Banking economist Raghuram Rajan argues that ""systematic economic inequalities, within the United States and around the world, have created deep financial 'fault lines' that have made [financial] crises more likely to happen than in the past"" – the Financial crisis of 2007–08 being the most recent example. To compensate for stagnating and declining purchasing power, political pressure has developed to extend easier credit to the lower and middle income earners – particularly to buy homes – and easier credit in general to keep unemployment rates low. This has given the American economy a tendency to go ""from bubble to bubble"" fueled by unsustainable monetary stimulation.

Question: What is Raghuram Rajan's career?",economist,20260623
factual_qa_6819,factual_qa,rajpurkar/squad_v2,validation,6819,5727f05b4b864d190016406a,"Context: An important factor in the creation of inequality is variation in individuals' access to education. Education, especially in an area where there is a high demand for workers, creates high wages for those with this education, however, increases in education first increase and then decrease growth as well as income inequality. As a result, those who are unable to afford an education, or choose not to pursue optional education, generally receive much lower wages. The justification for this is that a lack of education leads directly to lower incomes, and thus lower aggregate savings and investment. Conversely, education raises incomes and promotes growth because it helps to unleash the productive potential of the poor.

Question: What does less education lead to when working?",lower wages,20260623
factual_qa_10779,factual_qa,rajpurkar/squad_v2,validation,10779,573361404776f4190066093e,"Context: Gothic architecture is represented in the majestic churches but also at the burgher houses and fortifications. The most significant buildings are St. John's Cathedral (14th century), the temple is a typical example of the so-called Masovian gothic style, St. Mary's Church (1411), a town house of Burbach family (14th century), Gunpowder Tower (after 1379) and the Royal Castle Curia Maior (1407–1410). The most notable examples of Renaissance architecture in the city are the house of Baryczko merchant family (1562), building called ""The Negro"" (early 17th century) and Salwator tenement (1632). The most interesting examples of mannerist architecture are the Royal Castle (1596–1619) and the Jesuit Church (1609–1626) at Old Town. Among the first structures of the early baroque the most important are St. Hyacinth's Church (1603–1639) and Sigismund's Column (1644).

Question: What is St. John's Cathedral an example of, stylistically?",Masovian gothic,20260623
factual_qa_7989,factual_qa,rajpurkar/squad_v2,validation,7989,572885023acd2414000dfa83,"Context: The reason for the order of the classes and the reason why people were placed in a certain class was the date they surrendered to the Mongols, and had nothing to do with their ethnicity. The earlier they surrendered to the Mongols, the higher they were placed, the more the held out, the lower they were ranked. The Northern Chinese were ranked higher and Southern Chinese were ranked lower because southern China withstood and fought to the last before caving in. Major commerce during this era gave rise to favorable conditions for private southern Chinese manufacturers and merchants.

Question: Which part of China had people ranked higher in the class system?",Northern,20260623
factual_qa_11773,factual_qa,rajpurkar/squad_v2,validation,11773,573796edc3c5551400e51f35,"Context: The strong force only acts directly upon elementary particles. However, a residual of the force is observed between hadrons (the best known example being the force that acts between nucleons in atomic nuclei) as the nuclear force. Here the strong force acts indirectly, transmitted as gluons, which form part of the virtual pi and rho mesons, which classically transmit the nuclear force (see this topic for more). The failure of many searches for free quarks has shown that the elementary particles affected are not directly observable. This phenomenon is called color confinement.

Question: What is the force between nucleons?",nuclear,20260623
factual_qa_6442,factual_qa,rajpurkar/squad_v2,validation,6442,5727d9c43acd2414000dee18,"Context: Harvard has been highly ranked by many university rankings. In particular, it has consistently topped the Academic Ranking of World Universities (ARWU) since 2003, and the THE World Reputation Rankings since 2011, when the first time such league tables were published. When the QS and Times were published in partnership as the THE-QS World University Rankings during 2004-2009, Harvard had also been regarded the first in every year. The University's undergraduate program has been continuously among the top two in the U.S. News & World Report. In 2014, Harvard topped the University Ranking by Academic Performance (URAP). It was ranked 8th on the 2013-2014 PayScale College Salary Report and 14th on the 2013 PayScale College Education Value Rankings. From a poll done by The Princeton Review, Harvard is the second most commonly named ""dream college"", both for students and parents in 2013, and was the first nominated by parents in 2009. In 2011, the Mines ParisTech : Professional Ranking World Universities ranked Harvard 1st university in the world in terms of number of alumni holding CEO position in Fortune Global 500 companies.

Question: Beginning in what year was Harvard on top of the World Reputation Rankings?",2011,20260623
factual_qa_2682,factual_qa,rajpurkar/squad_v2,validation,2682,571ce6655efbb31900334e35,"Context: Oxygen gas (O 2) can be toxic at elevated partial pressures, leading to convulsions and other health problems.[j] Oxygen toxicity usually begins to occur at partial pressures more than 50 kilopascals (kPa), equal to about 50% oxygen composition at standard pressure or 2.5 times the normal sea-level O 2 partial pressure of about 21 kPa. This is not a problem except for patients on mechanical ventilators, since gas supplied through oxygen masks in medical applications is typically composed of only 30%–50% O 2 by volume (about 30 kPa at standard pressure). (although this figure also is subject to wide variation, depending on type of mask).

Question: At what point does oxygen toxicity begin to happen?",50 kilopascals,20260623
factual_qa_11262,factual_qa,rajpurkar/squad_v2,validation,11262,5733eb34d058e614000b65ce,"Context: The Iroquois sent runners to the manor of William Johnson in upstate New York. The British Superintendent for Indian Affairs in the New York region and beyond, Johnson was known to the Iroquois as Warraghiggey, meaning ""He who does great things."" He spoke their languages and had become a respected honorary member of the Iroquois Confederacy in the area. In 1746, Johnson was made a colonel of the Iroquois. Later he was commissioned as a colonel of the Western New York Militia. They met at Albany, New York with Governor Clinton and officials from some of the other American colonies. Mohawk Chief Hendrick, Speaker of their tribal council, insisted that the British abide by their obligations and block French expansion. When Clinton did not respond to his satisfaction, Chief Hendrick said that the ""Covenant Chain"", a long-standing friendly relationship between the Iroquois Confederacy and the British Crown, was broken.

Question: What title did Iroquois give Johnson?",colonel of the Iroquois,20260623
factual_qa_919,factual_qa,rajpurkar/squad_v2,validation,919,5706143575f01819005e7950,"Context: Professional sports teams in Southern California include teams from the NFL (Los Angeles Rams, San Diego Chargers); NBA (Los Angeles Lakers, Los Angeles Clippers); MLB (Los Angeles Dodgers, Los Angeles Angels of Anaheim, San Diego Padres); NHL (Los Angeles Kings, Anaheim Ducks); and MLS (LA Galaxy).

Question: The Los Angeles Rams are an example of what kind of sports team?",NFL,20260623
factual_qa_720,factual_qa,rajpurkar/squad_v2,validation,720,5705f09e75f01819005e77a5,"Context: Subsequently, Californios (dissatisfied with inequitable taxes and land laws) and pro-slavery southerners in the lightly populated ""Cow Counties"" of southern California attempted three times in the 1850s to achieve a separate statehood or territorial status separate from Northern California. The last attempt, the Pico Act of 1859, was passed by the California State Legislature and signed by the State governor John B. Weller. It was approved overwhelmingly by nearly 75% of voters in the proposed Territory of Colorado. This territory was to include all the counties up to the then much larger Tulare County (that included what is now Kings, most of Kern, and part of Inyo counties) and San Luis Obispo County. The proposal was sent to Washington, D.C. with a strong advocate in Senator Milton Latham. However, the secession crisis following the election of Abraham Lincoln in 1860 led to the proposal never coming to a vote.

Question: What was the name given to the regions in which the pro - slavery southerners lived?",Cow Counties,20260623
factual_qa_9228,factual_qa,rajpurkar/squad_v2,validation,9228,572ff430a23a5019007fcbaa,"Context: The Lower Rhine flows through North Rhine-Westphalia. Its banks are usually heavily populated and industrialized, in particular the agglomerations Cologne, Düsseldorf and Ruhr area. Here the Rhine flows through the largest conurbation in Germany, the Rhine-Ruhr region. One of the most important cities in this region is Duisburg with the largest river port in Europe (Duisport). The region downstream of Duisburg is more agricultural. In Wesel, 30 km downstream of Duisburg, is located the western end of the second east-west shipping route, the Wesel-Datteln Canal, which runs parallel to the Lippe. Between Emmerich and Cleves the Emmerich Rhine Bridge, the longest suspension bridge in Germany, crosses the 400 m wide river. Near Krefeld, the river crosses the Uerdingen line, the line which separates the areas where Low German and High German are spoken.

Question: What is the region called that is the largest conurbation of the Rhine?",Rhine-Ruhr,20260623
factual_qa_6578,factual_qa,rajpurkar/squad_v2,validation,6578,572815d9ff5b5019007d9cbf,"Context: During Reconstruction and the Gilded Age, Jacksonville and nearby St. Augustine became popular winter resorts for the rich and famous. Visitors arrived by steamboat and later by railroad. President Grover Cleveland attended the Sub-Tropical Exposition in the city on February 22, 1888 during his trip to Florida. This highlighted the visibility of the state as a worthy place for tourism. The city's tourism, however, was dealt major blows in the late 19th century by yellow fever outbreaks. In addition, extension of the Florida East Coast Railway further south drew visitors to other areas. From 1893 to 1938 Jacksonville was the site of the Florida Old Confederate Soldiers and Sailors Home with a nearby cemetery.

Question: What drew would-be Jacksonville tourists to other Florida destinations?",extension of the Florida East Coast Railway further south,20260623
factual_qa_4277,factual_qa,rajpurkar/squad_v2,validation,4277,5725d52f89a1e219009abf78,"Context: Packet switching contrasts with another principal networking paradigm, circuit switching, a method which pre-allocates dedicated network bandwidth specifically for each communication session, each having a constant bit rate and latency between nodes. In cases of billable services, such as cellular communication services, circuit switching is characterized by a fee per unit of connection time, even when no data is transferred, while packet switching may be characterized by a fee per unit of information transmitted, such as characters, packets, or messages.

Question: Packet Switching contrast with what other principal",circuit switching,20260623
factual_qa_11313,factual_qa,rajpurkar/squad_v2,validation,11313,5733f5264776f419006615a4,"Context: An early important political response to the opening of hostilities was the convening of the Albany Congress in June and July, 1754. The goal of the congress was to formalize a unified front in trade and negotiations with various Indians, since allegiance of the various tribes and nations was seen to be pivotal in the success in the war that was unfolding. The plan that the delegates agreed to was never ratified by the colonial legislatures nor approved of by the crown. Nevertheless, the format of the congress and many specifics of the plan became the prototype for confederation during the War of Independence.

Question: What was the goal of congress?","formalize a unified front in trade and negotiations with various Indians, since allegiance of the various tribes and nations was seen to be pivotal",20260623
factual_qa_5271,factual_qa,rajpurkar/squad_v2,validation,5271,5726e08e5951b619008f8110,"Context: In most countries, the dispensary is subject to pharmacy legislation; with requirements for storage conditions, compulsory texts, equipment, etc., specified in legislation. Where it was once the case that pharmacists stayed within the dispensary compounding/dispensing medications, there has been an increasing trend towards the use of trained pharmacy technicians while the pharmacist spends more time communicating with patients. Pharmacy technicians are now more dependent upon automation to assist them in their new role dealing with patients' prescriptions and patient safety issues.

Question: What responsibilities were pharmacy technicians formerly limited to?",within the dispensary compounding/dispensing medications,20260623
factual_qa_2022,factual_qa,rajpurkar/squad_v2,validation,2022,571153422419e3140095557e,"Context: Trevithick continued his own experiments using a trio of locomotives, concluding with the Catch Me Who Can in 1808. Only four years later, the successful twin-cylinder locomotive Salamanca by Matthew Murray was used by the edge railed rack and pinion Middleton Railway. In 1825 George Stephenson built the Locomotion for the Stockton and Darlington Railway. This was the first public steam railway in the world and then in 1829, he built The Rocket which was entered in and won the Rainhill Trials. The Liverpool and Manchester Railway opened in 1830 making exclusive use of steam power for both passenger and freight trains.

Question: Who designed Salamanca?",Matthew Murray,20260623
factual_qa_3135,factual_qa,rajpurkar/squad_v2,validation,3135,57269bb8708984140094cb96,"Context: Although it is generally accepted that EU law has primacy, not all EU laws give citizens standing to bring claims: that is, not all EU laws have ""direct effect"". In Van Gend en Loos v Nederlandse Administratie der Belastingen it was held that the provisions of the Treaties (and EU Regulations) are directly effective, if they are (1) clear and unambiguous (2) unconditional, and (3) did not require EU or national authorities to take further action to implement them. Van Gend en Loos, a postal company, claimed that what is now TFEU article 30 prevented the Dutch Customs Authorities charging tariffs, when it imported urea-formaldehyde plastics from Germany to the Netherlands. After a Dutch court made a reference, the Court of Justice held that even though the Treaties did not ""expressly"" confer a right on citizens or companies to bring claims, they could do so. Historically, international treaties had only allowed states to have legal claims for their enforcement, but the Court of Justice proclaimed ""the Community constitutes a new legal order of international law"". Because article 30 clearly, unconditionally and immediately stated that no quantitative restrictions could be placed on trade, without a good justification, Van Gend en Loos could recover the money it paid for the tariff. EU Regulations are the same as Treaty provisions in this sense, because as TFEU article 288 states, they are ‘directly applicable in all Member States’. Moreover, member states comes under a duty not to replicate Regulations in their own law, in order to prevent confusion. For instance, in Commission v Italy the Court of Justice held that Italy had breached a duty under the Treaties, both by failing to operate a scheme to pay farmers a premium to slaughter cows (to reduce dairy overproduction), and by reproducing the rules in a decree with various additions. ""Regulations,"" held the Court of Justice, ""come into force solely by virtue of their publication"" and implementation could have the effect of ""jeopardizing their simultaneous and uniform application in the whole of the Union."" On the other hand, some Regulations may themselves expressly require implementing measures, in which case those specific rules should be followed.

Question: Which TEFU article states that no quantitative restrictions can be placed on trade?",article 30,20260623
factual_qa_11075,factual_qa,rajpurkar/squad_v2,validation,11075,5733a5f54776f41900660f45,"Context: One of the most famous people born in Warsaw was Maria Skłodowska-Curie, who achieved international recognition for her research on radioactivity and was the first female recipient of the Nobel Prize. Famous musicians include Władysław Szpilman and Frédéric Chopin. Though Chopin was born in the village of Żelazowa Wola, about 60 km (37 mi) from Warsaw, he moved to the city with his family when he was seven months old. Casimir Pulaski, a Polish general and hero of the American Revolutionary War, was born here in 1745.

Question: What was Maria Curie the first female recipient of?",Nobel Prize,20260623
factual_qa_1601,factual_qa,rajpurkar/squad_v2,validation,1601,571095a8a58dae1900cd6a76,"Context: The first Huguenots to leave France sought freedom from persecution in Switzerland and the Netherlands.[citation needed] A group of Huguenots was part of the French colonisers who arrived in Brazil in 1555 to found France Antarctique. A couple of ships with around 500 people arrived at the Guanabara Bay, present-day Rio de Janeiro, and settled in a small island. A fort, named Fort Coligny, was built to protect them from attack from the Portuguese troops and Brazilian Native Americans. It was an attempt to establish a French colony in South America. The fort was destroyed in 1560 by the Portuguese, who captured part of the Huguenots. The Portuguese threatened the prisoners with death if they did not convert to Catholicism. The Huguenots of Guanabara, as they are now known, produced a declaration of faith to express their beliefs to the Portuguese. This was their death sentence. This document, the Guanabara Confession of Faith, became the first Protestant confession of faith in the whole of the Americas.[citation needed]

Question: What were the first two destinations of Huguenot emigres?",Switzerland and the Netherlands,20260623
